ID,Rep,Size,Mode,Model,Total_S,Load_S,Prompt_S,Gen_S,Overhead_S,Tokens_In,Tokens_Out,TPS,Topic
1,3,70B,single,llama3.3:70b,68.786,35.788,16.518,13.521,2.958,2129,69,5.10,How does interleaved array element spacing affect coverage patterns and grating lobe suppression in 
2,3,70B,single,llama3.3:70b,35.731,0.163,14.304,17.526,3.737,1866,89,5.08,How does the LPF's 25 GHz stopband impact interference mitigation in multi-beam satellite downlink f
3,3,70B,single,llama3.3:70b,34.317,0.153,15.544,15.406,3.214,2007,76,4.93,What trade-offs exist between the filter's compact size and integration with phased array antennas f
4,3,70B,single,llama3.3:70b,32.081,0.140,16.439,12.750,2.751,2146,65,5.10,How would the 0.25 dB passband loss affect link budget margins in low-noise satellite receiver front
5,3,70B,single,llama3.3:70b,34.569,0.152,19.137,12.698,2.584,2485,64,5.04,Can the filter's suppression of 19th harmonics improve transponder power efficiency in dense payload
6,3,70B,single,llama3.3:70b,43.687,0.144,20.574,19.052,3.918,2723,96,5.04,How does the hierarchical classification framework impact satellite link budget margins when priorit
7,3,70B,single,llama3.3:70b,40.984,0.144,20.819,16.615,3.407,2729,84,5.06,Can satellite orbital configurations optimize ML-based QoS by reducing propagation delays for latenc
8,3,70B,single,llama3.3:70b,31.336,0.145,14.161,14.169,2.861,1840,72,5.08,How does antenna design influence the accuracy of encrypted traffic classification systems in hetero
9,3,70B,single,llama3.3:70b,43.113,0.142,22.838,16.849,3.284,2992,82,4.87,What payload transponder allocation strategies balance spectral efficiency with dynamic QoS demands 
10,3,70B,single,llama3.3:70b,34.893,0.149,15.500,15.934,3.310,1989,81,5.08,How do interference mitigation techniques adapt when handling tunneled versus non-tunneled traffic i
11,3,70B,single,llama3.3:70b,39.486,0.145,20.519,15.568,3.254,2662,79,5.07,Does the proposed ML framework's feature extraction for encrypted flows require additional power or 
12,3,70B,single,llama3.3:70b,39.075,0.147,21.247,14.571,3.110,2809,74,5.08,What beamhopping strategies optimize network efficiency when integrating hierarchical traffic classi
13,3,70B,single,llama3.3:70b,35.326,0.154,16.379,15.726,3.067,2057,79,5.02,How does the transceiver's variable gain distribution between RF and baseband impact dynamic range a
14,3,70B,single,llama3.3:70b,36.006,0.133,16.060,16.538,3.275,2035,81,4.90,What antenna aperture size trade-offs exist between LEO and GEO satellites when optimizing gain and 
15,3,70B,single,llama3.3:70b,31.405,0.140,16.297,12.348,2.619,2065,63,5.10,How do distributed satellite constellations impact orbital configuration trade-offs between coverage
16,3,70B,single,llama3.3:70b,31.569,0.141,13.639,14.749,3.041,1806,75,5.09,What antenna design considerations optimize ground station visibility during short service windows i
17,3,70B,single,llama3.3:70b,38.427,0.148,20.387,14.846,3.046,2627,75,5.05,How are link budgets affected when prioritizing high-revenue services versus navigation safety margi
18,3,70B,single,llama3.3:70b,31.270,0.146,16.633,12.039,2.451,2120,61,5.07,What frequency planning challenges arise when coordinating multiple ground stations with overlapping
19,3,70B,single,llama3.3:70b,37.935,0.139,17.304,17.015,3.476,2319,87,5.11,How do on-board storage constraints influence payload power allocation between immediate and time-ta
20,3,70B,single,llama3.3:70b,31.463,0.145,14.661,13.557,3.100,1911,71,5.24,What beam switching strategies minimize setup times while maintaining spectrum efficiency for multi-
21,3,70B,single,llama3.3:70b,33.988,0.139,17.001,13.954,2.893,2295,71,5.09,How does transponder allocation balance network efficiency against thermal/power constraints during 
22,3,70B,single,llama3.3:70b,32.748,0.144,17.195,12.756,2.653,2265,65,5.10,What interference mitigation techniques are viable for overlapping service transmissions across geog
23,3,70B,single,llama3.3:70b,35.124,0.144,14.782,16.773,3.425,1958,85,5.07,How does the dual-mode operation of the CTS antenna impact frequency reuse and coverage patterns in 
24,3,70B,single,llama3.3:70b,36.901,0.151,15.578,17.574,3.598,1997,89,5.06,What are the trade-offs in using additive manufacturing for CTS array fabrication versus traditional
25,3,70B,single,llama3.3:70b,33.334,0.148,13.896,16.000,3.290,1845,81,5.06,How does the 11.6% bandwidth of the CTS antenna influence frequency planning and spectral efficiency
26,3,70B,single,llama3.3:70b,37.695,0.145,17.256,16.760,3.533,2310,85,5.07,How does the 45° scan range affect link budget calculations for edge-of-coverage users compared to b
27,3,70B,single,llama3.3:70b,34.633,0.138,16.870,14.616,3.008,2232,74,5.06,What power allocation trade-offs arise from differing scan losses between quasi-TEM and quasi-TE1 mo
28,3,70B,single,llama3.3:70b,40.435,0.152,22.396,15.018,2.868,2939,73,4.86,How does defocused reflector gain loss impact link budget margins for SNR compared to conventional d
29,3,70B,single,llama3.3:70b,33.068,0.142,15.590,14.385,2.952,1990,73,5.07,What trade-offs exist between reflector aperture size and feed element redundancy in robust antenna 
30,3,70B,single,llama3.3:70b,38.049,0.139,16.470,17.706,3.735,2096,90,5.08,How does defocused feed array placement optimize coverage versus scan loss in DBF architectures?
31,3,70B,single,llama3.3:70b,36.268,0.139,16.669,15.998,3.462,2111,83,5.19,Can MVDR beamforming sufficiently compensate for pattern degradation in array-fed reflectors during 
32,3,70B,single,llama3.3:70b,32.343,0.140,15.623,13.485,3.095,1979,71,5.26,What feed element spacing balance minimizes dB loss while maintaining beamforming flexibility in def
33,3,70B,single,llama3.3:70b,35.289,0.141,15.328,16.366,3.453,1984,82,5.01,How do GEO vs LEO satellite orbits affect latency and coverage in hybrid networks for rural substati
34,3,70B,single,llama3.3:70b,38.237,0.142,17.201,17.041,3.854,2312,89,5.22,What antenna design considerations minimize signal attenuation in high-noise power line environments
35,3,70B,single,llama3.3:70b,32.140,0.136,14.945,13.921,3.137,1922,73,5.24,How can frequency planning address interference between satellite uplinks and broadband power line c
36,3,70B,single,llama3.3:70b,39.709,0.144,19.947,16.146,3.472,2559,81,5.02,What link budget trade-offs exist when balancing data rate and reliability in adverse weather for sa
37,3,70B,single,llama3.3:70b,34.085,0.138,16.841,13.916,3.191,2196,73,5.25,How does adaptive modulation impact power margins in satellite transponders for fluctuating rural su
38,3,70B,single,llama3.3:70b,28.633,0.152,13.326,12.446,2.709,1779,65,5.22,What beam allocation strategies optimize spectrum efficiency in hybrid satellite-WiMAX networks duri
39,3,70B,single,llama3.3:70b,38.594,0.141,21.065,14.266,3.121,2809,74,5.19,How do MPLS and IPsec VPNs differ in mitigating congestion for real-time QoS in multi-telectric util
40,3,70B,single,llama3.3:70b,37.167,0.152,16.374,16.837,3.805,2037,88,5.23,How does the hybrid SIW-waveguide feeding topology balance efficiency and compactness in V-band sate
41,3,70B,single,llama3.3:70b,35.980,0.144,16.376,15.894,3.565,2098,83,5.22,What trade-offs exist between array size and radiation efficiency for SIW arrays in high-gain inter-
42,3,70B,single,llama3.3:70b,33.764,0.146,14.193,15.890,3.535,1875,83,5.22,How does the 41% efficiency of the proposed antenna impact link budget calculations for GEO-LEO sate
43,3,70B,single,llama3.3:70b,35.220,0.143,17.473,14.337,3.267,2329,75,5.23,What orbital configurations justify prioritizing V-band (57-66 GHz) over optical systems for inter-s
44,3,70B,single,llama3.3:70b,39.301,0.135,16.611,18.420,4.136,2144,96,5.21,How does the 14.6% bandwidth affect frequency planning for multi-satellite networks with adjacent ch
45,3,70B,single,llama3.3:70b,29.102,0.142,13.805,12.414,2.741,1826,65,5.24,Could the hybrid feeding structure introduce scalability challenges in dynamic payload power allocat
46,3,70B,single,llama3.3:70b,34.210,0.146,14.396,16.049,3.619,1905,84,5.23,What beam management strategies are needed to mitigate efficiency fluctuations (>3 dB gain variance)
47,3,70B,single,llama3.3:70b,33.916,0.141,16.902,13.723,3.150,2182,72,5.25,How can satellite link budgets be optimized for high throughput and low latency in global aeronautic
48,3,70B,single,llama3.3:70b,27.864,0.156,12.568,12.444,2.696,1620,65,5.22,What antenna designs balance aerodynamic constraints with MIMO requirements for high-speed aircraft 
49,3,70B,single,llama3.3:70b,37.733,0.143,14.373,19.359,3.858,1897,99,5.11,How does L-DACS integration impact spectrum sharing between A2G and satellite links in congested air
50,3,70B,single,llama3.3:70b,31.677,0.158,13.072,15.229,3.218,1731,79,5.19,What beamforming strategies ensure consistent LOS connectivity for A2A links in dynamically changing
