rep,q,n_calls,n_modelos_distintos,actual_total_s,actual_load_s,hyp_load_s,ahorro_s,hyp_total_s
1,q001,14,3,2037.16,880.259,183.354,696.905,1340.255
1,q002,14,3,1834.404,884.614,198.986,685.628,1148.776
1,q003,14,3,1704.968,875.341,197.404,677.937,1027.031
1,q004,14,3,1786.599,892.353,198.218,694.135,1092.464
1,q005,14,3,1805.474,892.874,198.516,694.358,1111.116
1,q006,14,3,1859.317,903.195,207.067,696.128,1163.189
1,q007,14,3,2076.06,909.677,203.686,705.991,1370.069
1,q008,14,3,1814.798,873.045,197.216,675.829,1138.969
1,q009,14,3,2044.118,929.176,209.644,719.532,1324.586
1,q010,14,3,1977.558,898.963,202.129,696.834,1280.724
1,q011,14,3,1722.31,839.294,161.14,678.154,1044.156
1,q012,14,3,1797.849,893.531,201.029,692.502,1105.347
1,q013,14,3,1982.674,877.658,196.305,681.353,1301.321
1,q014,14,3,2085.715,860.581,188.123,672.458,1413.257
1,q015,14,3,1898.709,872.42,195.667,676.753,1221.956
1,q016,14,3,1717.831,854.915,193.757,661.158,1056.673
1,q017,14,3,1905.763,883.655,200.82,682.835,1222.928
1,q018,14,3,1942.989,868.625,198.005,670.62,1272.369
1,q019,14,3,1797.809,870.978,196.361,674.617,1123.192
1,q020,14,3,1805.489,855.65,188.837,666.813,1138.676
1,q021,14,3,1747.599,853.675,191.848,661.827,1085.772
1,q022,14,3,1908.046,898.206,195.278,702.928,1205.118
1,q023,14,3,1698.428,849.361,190.991,658.37,1040.058
1,q024,14,3,1696.063,863.848,195.225,668.623,1027.44
1,q025,14,3,2008.914,869.281,194.675,674.606,1334.308
1,q026,14,3,1717.118,866.82,197.168,669.652,1047.466
1,q027,14,3,1847.742,882.742,196.884,685.858,1161.884
1,q028,14,3,2006.153,870.397,195.68,674.717,1331.436
1,q029,14,3,1699.568,848.42,187.889,660.531,1039.037
1,q030,14,3,1824.331,858.578,192.545,666.033,1158.298
1,q031,14,3,1806.973,893.254,216.827,676.427,1130.546
1,q032,14,3,1779.528,839.886,190.484,649.402,1130.126
1,q033,14,3,1767.121,860.475,195.835,664.64,1102.481
1,q034,14,3,1831.391,866.603,194.664,671.939,1159.452
1,q035,14,3,1976.627,846.95,190.36,656.59,1320.037
1,q036,14,3,2014.795,892.695,203.135,689.56,1325.235
1,q037,14,3,1932.67,858.548,192.136,666.412,1266.258
1,q038,14,3,1861.464,856.79,195.866,660.924,1200.54
1,q039,14,3,1861.496,895.3,196.992,698.308,1163.188
1,q040,14,3,1861.007,887.665,198.619,689.046,1171.961
1,q041,14,3,1934.323,867.163,198.739,668.424,1265.899
1,q042,14,3,1776.372,855.731,192.495,663.236,1113.136
1,q043,14,3,1850.102,870.4,196.231,674.169,1175.933
1,q044,14,3,1944.662,856.132,194.009,662.123,1282.539
1,q045,14,3,1746.758,857.958,192.724,665.234,1081.524
1,q046,14,3,1637.171,856.756,188.865,667.891,969.28
1,q047,14,3,2054.98,898.59,197.568,701.022,1353.958
1,q048,14,3,1705.592,849.196,187.568,661.628,1043.964
1,q049,14,3,1852.814,885.626,197.37,688.256,1164.558
1,q050,14,3,1830.269,873.066,191.317,681.749,1148.52
2,q001,14,3,1965.083,842.551,160.762,681.789,1283.294
2,q002,14,3,1814.553,873.382,192.597,680.785,1133.768
2,q003,14,3,2024.123,864.138,193.354,670.784,1353.339
2,q004,14,3,1874.745,876.569,199.668,676.901,1197.844
2,q005,14,3,1768.765,879.15,197.883,681.267,1087.498
2,q006,14,3,1911.461,899.717,204.023,695.694,1215.767
2,q007,14,3,1956.298,902.636,204.226,698.41,1257.888
2,q008,14,3,1718.835,846.313,191.014,655.299,1063.536
2,q009,14,3,2048.439,896.606,199.954,696.652,1351.787
2,q010,14,3,1849.24,891.536,201.124,690.412,1158.828
2,q011,14,3,1841.43,882.912,196.682,686.23,1155.2
2,q012,14,3,1942.179,891.412,202.74,688.672,1253.507
2,q013,14,3,1930.856,864.535,193.369,671.166,1259.69
2,q014,14,3,2017.06,876.16,198.932,677.228,1339.832
2,q015,14,3,1883.753,862.425,193.235,669.19,1214.563
2,q016,14,3,2078.72,850.825,193.464,657.361,1421.359
2,q017,14,3,2036.135,890.027,203.442,686.585,1349.55
2,q018,14,3,1882.171,870.377,192.359,678.018,1204.153
2,q019,14,3,1813.22,870.864,197.372,673.492,1139.728
2,q020,14,3,1777.104,858.049,189.789,668.26,1108.844
2,q021,14,3,1743.376,852.4,193.623,658.777,1084.599
2,q022,14,3,1776.333,869.7,190.277,679.423,1096.91
2,q023,14,3,1658.867,854.522,196.05,658.472,1000.395
2,q024,14,3,1827.198,860.486,192.64,667.846,1159.352
2,q025,14,3,1765.815,853.661,193.334,660.327,1105.488
2,q026,14,3,2076.663,877.159,197.69,679.469,1397.194
2,q027,14,3,1890.439,874.561,198.558,676.003,1214.436
2,q028,14,3,1931.501,869.91,197.54,672.37,1259.131
2,q029,14,3,1755.245,854.832,190.115,664.717,1090.528
2,q030,14,3,1685.27,863.162,195.689,667.473,1017.797
2,q031,14,3,1832.532,873.545,195.766,677.779,1154.753
2,q032,14,3,1650.134,879.407,195.304,684.103,966.031
2,q033,14,3,1864.487,866.621,193.232,673.389,1191.098
2,q034,14,3,1777.32,905.494,202.412,703.082,1074.238
2,q035,14,3,1907.649,881.212,197.175,684.037,1223.612
2,q036,14,3,2119.893,920.214,207.351,712.863,1407.03
2,q037,14,3,2032.203,899.748,196.084,703.664,1328.539
2,q038,14,3,1941.324,878.126,193.884,684.242,1257.082
2,q039,14,3,2052.549,921.766,207.266,714.5,1338.049
2,q040,14,3,1938.359,913.398,207.36,706.038,1232.321
2,q041,14,3,1957.421,881.361,180.722,700.639,1256.782
2,q042,14,3,1780.577,866.01,195.883,670.127,1110.45
2,q043,14,3,1766.666,876.364,195.861,680.503,1086.163
2,q044,14,3,1868.671,870.409,194.881,675.528,1193.143
2,q045,14,3,1722.639,864.42,191.109,673.311,1049.328
2,q046,14,3,1748.732,858.89,194.122,664.768,1083.964
2,q047,14,3,1924.702,900.806,199.328,701.478,1223.224
2,q048,14,3,1692.079,854.42,191.406,663.014,1029.065
2,q049,14,3,2019.332,886.346,198.82,687.526,1331.806
2,q050,14,3,1757.218,873.385,194.628,678.757,1078.461
3,q001,14,3,1785.741,860.576,185.652,674.924,1110.817
3,q002,14,3,2095.664,866.493,198.651,667.842,1427.822
3,q003,14,3,1619.523,846.203,193.438,652.765,966.758
3,q004,14,3,1752.093,871.445,197.68,673.765,1078.328
3,q005,14,3,1752.022,866.958,192.254,674.704,1077.318
3,q006,14,3,1791.257,883.974,201.452,682.522,1108.735
3,q007,14,3,1938.236,882.107,201.18,680.927,1257.309
3,q008,14,3,1706.856,845.835,192.114,653.721,1053.135
3,q009,14,3,2086.337,902.436,204.385,698.051,1388.286
3,q010,14,3,1739.874,867.357,199.123,668.234,1071.64
3,q011,14,3,1750.602,881.862,195.711,686.151,1064.451
3,q012,14,3,1990.031,890.933,199.885,691.048,1298.983
3,q013,14,3,1855.738,866.941,196.943,669.998,1185.74
3,q014,14,3,1962.028,871.087,197.354,673.733,1288.295
3,q015,14,3,1959.339,870.007,192.221,677.786,1281.553
3,q016,14,3,1772.456,851.556,193.775,657.781,1114.675
3,q017,14,3,2086.846,897.235,200.636,696.599,1390.247
3,q018,14,3,1866.193,873.092,203.393,669.699,1196.494
3,q019,14,3,1939.98,877.742,197.163,680.579,1259.401
3,q020,14,3,1900.423,861.113,199.464,661.649,1238.774
3,q021,14,3,1713.08,853.171,190.264,662.907,1050.173
3,q022,14,3,1804.383,853.242,190.522,662.72,1141.663
3,q023,14,3,1731.564,865.884,196.421,669.463,1062.101
3,q024,14,3,1713.849,863.637,193.467,670.17,1043.679
3,q025,14,3,1844.195,858.401,192.422,665.979,1178.216
3,q026,14,3,1901.002,882.08,195.999,686.081,1214.921
3,q027,14,3,1977.913,883.874,196.904,686.97,1290.943
3,q028,14,3,1803.555,863.25,194.924,668.326,1135.229
3,q029,14,3,1878.313,852.889,193.913,658.976,1219.337
3,q030,14,3,1636.828,862.295,196.316,665.979,970.849
3,q031,14,3,1755.097,879.434,198.257,681.177,1073.92
3,q032,14,3,1797.229,871.202,193.068,678.134,1119.095
3,q033,14,3,1953.307,882.641,195.577,687.064,1266.243
3,q034,14,3,1859.439,894.592,201.323,693.269,1166.17
3,q035,14,3,1825.688,895.218,192.737,702.481,1123.207
3,q036,14,3,1940.75,866.292,195.302,670.99,1269.76
3,q037,14,3,1741.602,876.476,194.335,682.141,1059.461
3,q038,14,3,1747.972,859.974,193.779,666.195,1081.777
3,q039,14,3,1988.571,945.317,204.737,740.58,1247.991
3,q040,14,3,1810.139,891.755,199.166,692.589,1117.55
3,q041,14,3,1944.376,885.511,198.979,686.532,1257.844
3,q042,14,3,1912.689,858.317,189.262,669.055,1243.634
3,q043,14,3,1945.863,880.777,199.391,681.386,1264.477
3,q044,14,3,1993.904,883.827,197.628,686.199,1307.705
3,q045,14,3,1852.772,869.039,192.895,676.144,1176.628
3,q046,14,3,1747.451,865.826,193.109,672.717,1074.734
3,q047,14,3,2068.482,904.345,204.536,699.809,1368.673
3,q048,14,3,1978.64,853.616,187.408,666.208,1312.432
3,q049,14,3,1961.604,876.207,193.591,682.616,1278.988
3,q050,14,3,1638.687,861.983,192.179,669.804,968.883
