ID,Size,Mode,Winner,Total_S,Load_S,Prompt_S,Gen_S,Tokens_In,Tokens_Out,Avg_TPS,Topic
q001_debateAG,2B,heterogeneo,Unknown,142.533,0.0,0.0,0.0,67108,6737,47.27,How does interleaved array element spacing affect coverage patterns and grating lobe suppression in Ka-band satellite links?
q002_debateAG,2B,heterogeneo,DLB,162.918,0.0,0.0,0.0,72342,7997,49.09,How does the LPF's 25 GHz stopband impact interference mitigation in multi-beam satellite downlink frequency planning?
q003_debateAG,2B,heterogeneo,DLB,164.811,0.0,0.0,0.0,76301,8245,50.03,What trade-offs exist between the filter's compact size and integration with phased array antennas for satellite coverage optimization?
q004_debateAG,2B,heterogeneo,DLB,130.658,0.0,0.0,0.0,73640,5285,40.45,How would the 0.25 dB passband loss affect link budget margins in low-noise satellite receiver frontends?
q005_debateAG,2B,heterogeneo,DLB,161.481,0.0,0.0,0.0,81542,7670,47.5,Can the filter's suppression of 19th harmonics improve transponder power efficiency in dense payload configurations?
q006_debateAG,2B,heterogeneo,PNM,195.821,0.0,0.0,0.0,91734,9756,49.82,How does the hierarchical classification framework impact satellite link budget margins when prioritizing QoS-sensitive traffic?
q007_debateAG,2B,heterogeneo,DLB,155.795,0.0,0.0,0.0,82098,6746,43.3,Can satellite orbital configurations optimize ML-based QoS by reducing propagation delays for latency-sensitive traffic classes?
q008_debateAG,2B,heterogeneo,PNM,163.234,0.0,0.0,0.0,70883,8208,50.28,How does antenna design influence the accuracy of encrypted traffic classification systems in heterogeneous satellite networks?
q009_debateAG,2B,heterogeneo,DLB,178.597,0.0,0.0,0.0,90569,8353,46.77,What payload transponder allocation strategies balance spectral efficiency with dynamic QoS demands from ML traffic classification?
q010_debateAG,2B,heterogeneo,PNM,179.378,0.0,0.0,0.0,76486,9166,51.1,How do interference mitigation techniques adapt when handling tunneled versus non-tunneled traffic in multi-beam satellite systems?
q011_debateAG,2B,heterogeneo,PNM,183.661,0.0,0.0,0.0,87329,8835,48.1,Does the proposed ML framework's feature extraction for encrypted flows require additional power or bandwidth margins in link budgets?
q012_debateAG,2B,heterogeneo,PNM,191.633,0.0,0.0,0.0,87276,9526,49.71,What beamhopping strategies optimize network efficiency when integrating hierarchical traffic classification for satellite QoS management?
q013_debateAG,2B,heterogeneo,DLB_Expert,181.415,0.0,0.0,0.0,81538,9393,51.78,How does the transceiver's variable gain distribution between RF and baseband impact dynamic range and noise performance trade-offs in different satellite orbital configurations?
q014_debateAG,2B,heterogeneo,DLB,170.703,0.0,0.0,0.0,76341,8703,50.98,What antenna aperture size trade-offs exist between LEO and GEO satellites when optimizing gain and portability for CMOS-based ground terminals?
q015_debateAG,2B,heterogeneo,PNM,189.567,0.0,0.0,0.0,81596,9913,52.29,How do distributed satellite constellations impact orbital configuration trade-offs between coverage and inter-satellite interference mitigation?
q016_debateAG,2B,heterogeneo,PNM,172.71,0.0,0.0,0.0,74850,8964,51.9,What antenna design considerations optimize ground station visibility during short service windows in LEO constellations?
q017_debateAG,2B,heterogeneo,Unknown,189.092,0.0,0.0,0.0,85773,9250,48.92,How are link budgets affected when prioritizing high-revenue services versus navigation safety margins in dynamic scheduling?
q018_debateAG,2B,heterogeneo,DLB,175.058,0.0,0.0,0.0,76660,8760,50.04,What frequency planning challenges arise when coordinating multiple ground stations with overlapping satellite visibility windows?
q019_debateAG,2B,heterogeneo,DLB,173.473,0.0,0.0,0.0,85856,8328,48.01,How do on-board storage constraints influence payload power allocation between immediate and time-tagged service prioritization?
q020_debateAG,2B,heterogeneo,DLB,167.393,0.0,0.0,0.0,71878,8186,48.9,What beam switching strategies minimize setup times while maintaining spectrum efficiency for multi-satellite ground station operations?
q021_debateAG,2B,heterogeneo,PNM,111.937,0.0,0.0,0.0,60743,4636,41.42,How does transponder allocation balance network efficiency against thermal/power constraints during peak service demand periods?
q022_debateAG,2B,heterogeneo,PNM,158.469,0.0,0.0,0.0,72391,7899,49.85,What interference mitigation techniques are viable for overlapping service transmissions across geographically dispersed ground stations?
q023_debateAG,2B,heterogeneo,PNM,161.095,0.0,0.0,0.0,71652,8105,50.31,How does the dual-mode operation of the CTS antenna impact frequency reuse and coverage patterns in Ka-band satellite architectures?
q024_debateAG,2B,heterogeneo,DLB,173.275,0.0,0.0,0.0,82320,8469,48.88,What are the trade-offs in using additive manufacturing for CTS array fabrication versus traditional methods in terms of deployment cost and scalability?
q025_debateAG,2B,heterogeneo,DLB,177.703,0.0,0.0,0.0,76450,9201,51.78,How does the 11.6% bandwidth of the CTS antenna influence frequency planning and spectral efficiency for broadband satellite links?
q026_debateAG,2B,heterogeneo,PNM,168.139,0.0,0.0,0.0,81667,7970,47.4,How does the 45° scan range affect link budget calculations for edge-of-coverage users compared to broadside beams?
q027_debateAG,2B,heterogeneo,PNM,158.813,0.0,0.0,0.0,75945,7671,48.3,What power allocation trade-offs arise from differing scan losses between quasi-TEM and quasi-TE1 modes for multi-beam satellite systems?
q028_debateAG,2B,heterogeneo,DLB,170.163,0.0,0.0,0.0,84414,8282,48.67,How does defocused reflector gain loss impact link budget margins for SNR compared to conventional designs?
q029_debateAG,2B,heterogeneo,Unknown,146.526,0.0,0.0,0.0,69540,7543,51.48,What trade-offs exist between reflector aperture size and feed element redundancy in robust antenna design?
q030_debateAG,2B,heterogeneo,PNM,149.943,0.0,0.0,0.0,74829,6953,46.37,How does defocused feed array placement optimize coverage versus scan loss in DBF architectures?
q031_debateAG,2B,heterogeneo,DLB,156.348,0.0,0.0,0.0,76979,7789,49.82,Can MVDR beamforming sufficiently compensate for pattern degradation in array-fed reflectors during element failures?
q032_debateAG,2B,heterogeneo,PNM,180.359,0.0,0.0,0.0,76400,9288,51.5,What feed element spacing balance minimizes dB loss while maintaining beamforming flexibility in defocused systems?
q033_debateAG,2B,heterogeneo,DLB,191.321,0.0,0.0,0.0,79616,10074,52.66,How do GEO vs LEO satellite orbits affect latency and coverage in hybrid networks for rural substation monitoring?
q034_debateAG,2B,heterogeneo,DLB,160.156,0.0,0.0,0.0,79579,7600,47.45,What antenna design considerations minimize signal attenuation in high-noise power line environments for reliable PLC integration?
q035_debateAG,2B,heterogeneo,PNM,178.369,0.0,0.0,0.0,72852,9296,52.12,How can frequency planning address interference between satellite uplinks and broadband power line communication systems?
q036_debateAG,2B,heterogeneo,PNM,166.6,0.0,0.0,0.0,84710,7648,45.91,What link budget trade-offs exist when balancing data rate and reliability in adverse weather for satellite backhaul links?
q037_debateAG,2B,heterogeneo,DLB,153.896,0.0,0.0,0.0,75726,7217,46.9,How does adaptive modulation impact power margins in satellite transponders for fluctuating rural substation traffic?
q038_debateAG,2B,heterogeneo,DLB,177.404,0.0,0.0,0.0,73181,9174,51.71,What beam allocation strategies optimize spectrum efficiency in hybrid satellite-WiMAX networks during peak demand?
q039_debateAG,2B,heterogeneo,DLB,217.998,0.0,0.0,0.0,92406,11191,51.34,How do MPLS and IPsec VPNs differ in mitigating congestion for real-time QoS in multi-telectric utility backbones?
q040_debateAG,2B,heterogeneo,DLB,182.532,0.0,0.0,0.0,83191,9078,49.73,How does the hybrid SIW-waveguide feeding topology balance efficiency and compactness in V-band satellite antenna designs?
q041_debateAG,2B,heterogeneo,DLB,172.385,0.0,0.0,0.0,81065,8516,49.4,What trade-offs exist between array size and radiation efficiency for SIW arrays in high-gain inter-satellite antennas?
q042_debateAG,2B,heterogeneo,Unknown,153.566,0.0,0.0,0.0,65662,7851,51.12,How does the 41% efficiency of the proposed antenna impact link budget calculations for GEO-LEO satellite links?
q043_debateAG,2B,heterogeneo,DLB,175.688,0.0,0.0,0.0,78656,8644,49.2,What orbital configurations justify prioritizing V-band (57-66 GHz) over optical systems for inter-satellite communication?
q044_debateAG,2B,heterogeneo,PNM,187.684,0.0,0.0,0.0,80479,9475,50.48,How does the 14.6% bandwidth affect frequency planning for multi-satellite networks with adjacent channel interference risks?
q045_debateAG,2B,heterogeneo,PNM,174.235,0.0,0.0,0.0,70362,8822,50.63,Could the hybrid feeding structure introduce scalability challenges in dynamic payload power allocation for large-scale arrays?
q046_debateAG,2B,heterogeneo,PNM,162.102,0.0,0.0,0.0,67879,8323,51.34,What beam management strategies are needed to mitigate efficiency fluctuations (>3 dB gain variance) across the 57-66 GHz band?
q047_debateAG,2B,heterogeneo,DLB,165.134,0.0,0.0,0.0,79934,7934,48.05,How can satellite link budgets be optimized for high throughput and low latency in global aeronautical coverage?
q048_debateAG,2B,heterogeneo,PNM,165.961,0.0,0.0,0.0,64525,8881,53.51,What antenna designs balance aerodynamic constraints with MIMO requirements for high-speed aircraft communication?
q049_debateAG,2B,heterogeneo,DLB,191.626,0.0,0.0,0.0,80002,9918,51.76,How does L-DACS integration impact spectrum sharing between A2G and satellite links in congested airspaces?
q050_debateAG,2B,heterogeneo,DLB,182.811,0.0,0.0,0.0,72068,9760,53.39,What beamforming strategies ensure consistent LOS connectivity for A2A links in dynamically changing flight formations?
